Metric,Count,Percentage,Notes
Total_MVP_Blocks,61,100%,Complete MVP specification
Blocks_With_Panel_Files,38,62.3%,Panel files exist in codebase
Blocks_With_Service_Files,30,49.2%,Service files exist in codebase
Fully_Compliant_Blocks,7,11.5%,"Blocks 1,2,3,4,5,8,12,17"
Partially_Compliant_Blocks,19,31.1%,Score 3-4 out of 5
Non_Compliant_Blocks,12,19.7%,Score 1-2 out of 5
Completely_Missing_Blocks,23,37.7%,No implementation found
Blocks_With_Agent_Logging,7,11.5%,Agent memory logging implemented
Blocks_Missing_Agent_Logging,54,88.5%,Critical enterprise requirement missing
Bloated_Panel_Files,3,4.9%,"Blocks 9,10,39 (700+ lines)"
Service_Files_Missing,12,19.7%,Need service creation
Orphaned_Panel_Files,1,1.6%,Block 18 (service deleted incorrectly)

Functional_Group,Implemented_Blocks,Total_Blocks,Completion_Rate,Compliance_Rate
Core_Strategy_Logic,6,6,100%,50%
Dashboard_&_Panels,5,7,71.4%,40%
Execution_&_Automation,5,8,62.5%,12.5%
Overlay_Engine_/_Signals,3,10,30%,10%
Sentiment_&_Intelligence,7,7,100%,14.3%
User_Experience_/_Flow,5,8,62.5%,25%
Vault_&_External_Feeds,5,7,71.4%,14.3%
Compliance_&_Reporting,4,8,50%,0%

Compliance_Status,Block_Count,Block_Numbers
FULLY_COMPLIANT,7,"1,2,3,4,5,8,12,17"
PARTIAL_COMPLIANT,19,"7,14,20,21,23,25,26,27,28,29,34,35,36,37,38,40,41,42,43"
NON_COMPLIANT,12,"6,11,13,15,16,19,22,30,31,33,49"
BLOATED_PANEL,3,"9,10,39"
SERVICE_MISSING,1,18
COMPLETELY_MISSING,23,"24,32,44,45,46,47,48,50,51,52,53,54,55,56,57,58,59,60,61"

Critical_Issues,Affected_Blocks,Priority,Remediation_Effort
Missing_Agent_Logging,54,HIGH,Medium
Missing_Service_Files,12,HIGH,High
Bloated_Panel_Files,3,MEDIUM,High
Completely_Missing_Blocks,23,LOW,Very_High
Orphaned_Panel,1,MEDIUM,Medium

Enterprise_Standard,Compliant_Blocks,Non_Compliant_Blocks,Compliance_Rate
Thin_UI_Panel,22,39,36.1%
Service_File_Exists,30,31,49.2%
Logic_In_Service,30,31,49.2%
React_Query_Abstracted,30,31,49.2%
Types_In_Service,30,31,49.2%
Agent_Memory_Logging,7,54,11.5% 